[
  {
    "id": 36,
    "client": "Surgutneftegas",
    "client_country": "RU",
    "client_role": "Export",
    "product_name": "Oil & Gas",
    "website_source": null,
    "publication_date": null,
    "activity_level": null,
    "flags": null,
    "sources": [
      "sanctions_checker"
    ],
    "ai_response": null,
    "is_red_flag": false,
    "confidence_score": null,
    "data_collected_at": "2025-11-01T02:10:01.708792",
    "data_freshness_score": "fresh",
    "last_verified_at": "2025-11-01T02:10:01.708792",
    "created_at": "2025-11-01T02:10:01.709568",
    "updated_at": "2025-11-01T02:10:01.714651"
  },
  {
    "id": 35,
    "client": "Gazprom Neft",
    "client_country": "RU",
    "client_role": "Export",
    "product_name": "Oil & Gas",
    "website_source": "https://www.gazpromneft.net/",
    "publication_date": null,
    "activity_level": null,
    "flags": null,
    "sources": [
      "web_scraper",
      "sanctions_checker"
    ],
    "ai_response": null,
    "is_red_flag": false,
    "confidence_score": null,
    "data_collected_at": "2025-11-01T02:09:49.703740",
    "data_freshness_score": "fresh",
    "last_verified_at": "2025-11-01T02:09:49.703740",
    "created_at": "2025-11-01T02:09:49.704534",
    "updated_at": "2025-11-01T02:09:49.708571"
  },
  {
    "id": 34,
    "client": "Lukoil OAO",
    "client_country": "RU",
    "client_role": "Export",
    "product_name": "Oil & Gas",
    "website_source": "https://lukoil.ru/",
    "publication_date": null,
    "activity_level": null,
    "flags": null,
    "sources": [
      "web_scraper",
      "sanctions_checker"
    ],
    "ai_response": null,
    "is_red_flag": false,
    "confidence_score": null,
    "data_collected_at": "2025-11-01T02:09:37.698822",
    "data_freshness_score": "fresh",
    "last_verified_at": "2025-11-01T02:09:37.698822",
    "created_at": "2025-11-01T02:09:37.699816",
    "updated_at": "2025-11-01T02:09:37.704359"
  },
  {
    "id": 33,
    "client": "Rosneft Oil Company",
    "client_country": "RU",
    "client_role": "Export",
    "product_name": "Oil & Gas",
    "website_source": null,
    "publication_date": null,
    "activity_level": null,
    "flags": null,
    "sources": [
      "sanctions_checker"
    ],
    "ai_response": null,
    "is_red_flag": false,
    "confidence_score": null,
    "data_collected_at": "2025-11-01T02:09:25.693316",
    "data_freshness_score": "fresh",
    "last_verified_at": "2025-11-01T02:09:25.693316",
    "created_at": "2025-11-01T02:09:25.693872",
    "updated_at": "2025-11-01T02:09:25.696609"
  },
  {
    "id": 32,
    "client": "ConocoPhillips",
    "client_country": "US",
    "client_role": "Export",
    "product_name": "Oil & Gas",
    "website_source": "https://www.conocophillips.com/",
    "publication_date": null,
    "activity_level": null,
    "flags": null,
    "sources": [
      "web_scraper",
      "company_registry",
      "sanctions_checker"
    ],
    "ai_response": null,
    "is_red_flag": false,
    "confidence_score": null,
    "data_collected_at": "2025-11-01T02:09:13.689766",
    "data_freshness_score": "fresh",
    "last_verified_at": "2025-11-01T02:09:13.689766",
    "created_at": "2025-11-01T02:09:13.690159",
    "updated_at": "2025-11-01T02:09:13.692634"
  },
  {
    "id": 31,
    "client": "Eni",
    "client_country": "IT",
    "client_role": "Export",
    "product_name": "Oil & Gas",
    "website_source": "https://www.eni.com/it-IT/home.html",
    "publication_date": null,
    "activity_level": null,
    "flags": null,
    "sources": [
      "web_scraper",
      "sanctions_checker"
    ],
    "ai_response": null,
    "is_red_flag": false,
    "confidence_score": null,
    "data_collected_at": "2025-11-01T02:09:01.685762",
    "data_freshness_score": "fresh",
    "last_verified_at": "2025-11-01T02:09:01.685762",
    "created_at": "2025-11-01T02:09:01.686653",
    "updated_at": "2025-11-01T02:09:01.691957"
  },
  {
    "id": 30,
    "client": "Chevron",
    "client_country": "US",
    "client_role": "Export",
    "product_name": "Oil & Gas",
    "website_source": null,
    "publication_date": null,
    "activity_level": null,
    "flags": null,
    "sources": [
      "company_registry",
      "sanctions_checker"
    ],
    "ai_response": null,
    "is_red_flag": false,
    "confidence_score": null,
    "data_collected_at": "2025-11-01T02:08:49.682237",
    "data_freshness_score": "fresh",
    "last_verified_at": "2025-11-01T02:08:49.682237",
    "created_at": "2025-11-01T02:08:49.682950",
    "updated_at": "2025-11-01T02:08:49.688384"
  },
  {
    "id": 29,
    "client": "TotalEnergies",
    "client_country": "FR",
    "client_role": "Export",
    "product_name": "Oil & Gas",
    "website_source": "https://www.totalenergies.fr/",
    "publication_date": null,
    "activity_level": null,
    "flags": null,
    "sources": [
      "web_scraper",
      "sanctions_checker"
    ],
    "ai_response": null,
    "is_red_flag": false,
    "confidence_score": null,
    "data_collected_at": "2025-11-01T02:08:37.679619",
    "data_freshness_score": "fresh",
    "last_verified_at": "2025-11-01T02:08:37.679619",
    "created_at": "2025-11-01T02:08:37.680251",
    "updated_at": "2025-11-01T02:08:37.683645"
  },
  {
    "id": 28,
    "client": "BP (British Petroleum)",
    "client_country": "GB",
    "client_role": "Export",
    "product_name": "Oil & Gas",
    "website_source": "https://www.bp.com/en_gb/united-kingdom/home.html",
    "publication_date": null,
    "activity_level": null,
    "flags": null,
    "sources": [
      "web_scraper",
      "company_registry",
      "sanctions_checker"
    ],
    "ai_response": null,
    "is_red_flag": false,
    "confidence_score": null,
    "data_collected_at": "2025-11-01T02:08:25.674679",
    "data_freshness_score": "fresh",
    "last_verified_at": "2025-11-01T02:08:25.674679",
    "created_at": "2025-11-01T02:08:25.675615",
    "updated_at": "2025-11-01T02:08:25.680159"
  },
  {
    "id": 27,
    "client": "Shell plc",
    "client_country": "GB",
    "client_role": "Export",
    "product_name": "Oil & Gas",
    "website_source": "https://www.shell.co.uk/",
    "publication_date": null,
    "activity_level": null,
    "flags": null,
    "sources": [
      "web_scraper",
      "company_registry",
      "sanctions_checker"
    ],
    "ai_response": null,
    "is_red_flag": false,
    "confidence_score": null,
    "data_collected_at": "2025-11-01T02:08:13.669382",
    "data_freshness_score": "fresh",
    "last_verified_at": "2025-11-01T02:08:13.669382",
    "created_at": "2025-11-01T02:08:13.670530",
    "updated_at": "2025-11-01T02:08:13.675449"
  },
  {
    "id": 26,
    "client": "ExxonMobil",
    "client_country": "US",
    "client_role": "Export",
    "product_name": "Oil & Gas",
    "website_source": "https://corporate.exxonmobil.com",
    "publication_date": null,
    "activity_level": null,
    "flags": null,
    "sources": [
      "web_scraper",
      "company_registry",
      "sanctions_checker"
    ],
    "ai_response": null,
    "is_red_flag": false,
    "confidence_score": null,
    "data_collected_at": "2025-11-01T02:08:01.668714",
    "data_freshness_score": "fresh",
    "last_verified_at": "2025-11-01T02:08:01.668714",
    "created_at": "2025-11-01T02:08:01.669931",
    "updated_at": "2025-11-01T02:08:01.674795"
  },
  {
    "id": 25,
    "client": "Koch Industries",
    "client_country": "US",
    "client_role": "Export",
    "product_name": "Energy & Chemicals",
    "website_source": "https://kochmm.com/",
    "publication_date": null,
    "activity_level": null,
    "flags": null,
    "sources": [
      "web_scraper",
      "company_registry",
      "sanctions_checker"
    ],
    "ai_response": null,
    "is_red_flag": false,
    "confidence_score": null,
    "data_collected_at": "2025-11-01T02:07:49.664011",
    "data_freshness_score": "fresh",
    "last_verified_at": "2025-11-01T02:07:49.664011",
    "created_at": "2025-11-01T02:07:49.665229",
    "updated_at": "2025-11-01T02:07:49.669180"
  },
  {
    "id": 24,
    "client": "Mercuria Energy Group",
    "client_country": "CH",
    "client_role": "Export",
    "product_name": "Energy Trading",
    "website_source": "https://www.hugedomains.com/domain_profile.cfm?d=mercuriaenergy.com",
    "publication_date": null,
    "activity_level": null,
    "flags": null,
    "sources": [
      "web_scraper",
      "sanctions_checker"
    ],
    "ai_response": null,
    "is_red_flag": false,
    "confidence_score": null,
    "data_collected_at": "2025-11-01T02:07:37.660860",
    "data_freshness_score": "fresh",
    "last_verified_at": "2025-11-01T02:07:37.660860",
    "created_at": "2025-11-01T02:07:37.661752",
    "updated_at": "2025-11-01T02:07:37.667669"
  },
  {
    "id": 23,
    "client": "Gunvor Group",
    "client_country": "CH",
    "client_role": "Export",
    "product_name": "Energy Trading",
    "website_source": "https://gunvor.ch/",
    "publication_date": null,
    "activity_level": null,
    "flags": null,
    "sources": [
      "web_scraper",
      "sanctions_checker"
    ],
    "ai_response": null,
    "is_red_flag": false,
    "confidence_score": null,
    "data_collected_at": "2025-11-01T02:07:25.652186",
    "data_freshness_score": "fresh",
    "last_verified_at": "2025-11-01T02:07:25.652186",
    "created_at": "2025-11-01T02:07:25.652815",
    "updated_at": "2025-11-01T02:07:25.656754"
  },
  {
    "id": 22,
    "client": "Glencore",
    "client_country": "CH",
    "client_role": "Export",
    "product_name": "Commodity Trading",
    "website_source": "https://www.glencore.ch/de",
    "publication_date": null,
    "activity_level": null,
    "flags": null,
    "sources": [
      "web_scraper",
      "sanctions_checker"
    ],
    "ai_response": null,
    "is_red_flag": false,
    "confidence_score": null,
    "data_collected_at": "2025-11-01T02:07:13.646860",
    "data_freshness_score": "fresh",
    "last_verified_at": "2025-11-01T02:07:13.646860",
    "created_at": "2025-11-01T02:07:13.647491",
    "updated_at": "2025-11-01T02:07:13.651054"
  },
  {
    "id": 21,
    "client": "Trafigura Group",
    "client_country": "SG",
    "client_role": "Export",
    "product_name": "Commodity Trading",
    "website_source": "https://www.trafigura.com/",
    "publication_date": null,
    "activity_level": null,
    "flags": null,
    "sources": [
      "web_scraper",
      "sanctions_checker"
    ],
    "ai_response": null,
    "is_red_flag": false,
    "confidence_score": null,
    "data_collected_at": "2025-11-01T02:07:01.642566",
    "data_freshness_score": "fresh",
    "last_verified_at": "2025-11-01T02:07:01.642566",
    "created_at": "2025-11-01T02:07:01.643726",
    "updated_at": "2025-11-01T02:07:01.649194"
  },
  {
    "id": 20,
    "client": "Vitol Group",
    "client_country": "NL",
    "client_role": "Export",
    "product_name": "Energy Trading",
    "website_source": "https://www.vitol.com/",
    "publication_date": null,
    "activity_level": null,
    "flags": null,
    "sources": [
      "web_scraper",
      "sanctions_checker"
    ],
    "ai_response": null,
    "is_red_flag": false,
    "confidence_score": null,
    "data_collected_at": "2025-11-01T02:06:49.636251",
    "data_freshness_score": "fresh",
    "last_verified_at": "2025-11-01T02:06:49.636251",
    "created_at": "2025-11-01T02:06:49.640876",
    "updated_at": "2025-11-01T02:06:49.648517"
  },
  {
    "id": 19,
    "client": "Surgutneftegas",
    "client_country": "RU",
    "client_role": "Export",
    "product_name": "Oil & Gas",
    "website_source": null,
    "publication_date": null,
    "activity_level": null,
    "flags": null,
    "sources": [
      "sanctions_checker"
    ],
    "ai_response": null,
    "is_red_flag": false,
    "confidence_score": null,
    "data_collected_at": "2025-11-01T02:00:09.412444",
    "data_freshness_score": "fresh",
    "last_verified_at": "2025-11-01T02:00:09.412444",
    "created_at": "2025-11-01T02:00:09.412855",
    "updated_at": "2025-11-01T02:00:09.415619"
  },
  {
    "id": 18,
    "client": "Gazprom Neft",
    "client_country": "RU",
    "client_role": "Export",
    "product_name": "Oil & Gas",
    "website_source": null,
    "publication_date": null,
    "activity_level": null,
    "flags": null,
    "sources": [
      "sanctions_checker"
    ],
    "ai_response": null,
    "is_red_flag": false,
    "confidence_score": null,
    "data_collected_at": "2025-11-01T01:59:57.410602",
    "data_freshness_score": "fresh",
    "last_verified_at": "2025-11-01T01:59:57.410602",
    "created_at": "2025-11-01T01:59:57.410931",
    "updated_at": "2025-11-01T01:59:57.413672"
  },
  {
    "id": 17,
    "client": "Lukoil OAO",
    "client_country": "RU",
    "client_role": "Export",
    "product_name": "Oil & Gas",
    "website_source": "https://www.lukoil.com",
    "publication_date": null,
    "activity_level": null,
    "flags": null,
    "sources": [
      "web_scraper",
      "sanctions_checker"
    ],
    "ai_response": null,
    "is_red_flag": false,
    "confidence_score": null,
    "data_collected_at": "2025-11-01T01:59:24.083528",
    "data_freshness_score": "fresh",
    "last_verified_at": "2025-11-01T01:59:24.083528",
    "created_at": "2025-11-01T01:59:24.083976",
    "updated_at": "2025-11-01T01:59:24.086721"
  },
  {
    "id": 16,
    "client": "Rosneft Oil Company",
    "client_country": "RU",
    "client_role": "Export",
    "product_name": "Oil & Gas",
    "website_source": "https://www.rosneft.com",
    "publication_date": null,
    "activity_level": null,
    "flags": null,
    "sources": [
      "web_scraper",
      "sanctions_checker"
    ],
    "ai_response": null,
    "is_red_flag": false,
    "confidence_score": null,
    "data_collected_at": "2025-11-01T01:59:12.078854",
    "data_freshness_score": "fresh",
    "last_verified_at": "2025-11-01T01:59:12.078854",
    "created_at": "2025-11-01T01:59:12.079217",
    "updated_at": "2025-11-01T01:59:12.081601"
  },
  {
    "id": 15,
    "client": "ConocoPhillips",
    "client_country": "US",
    "client_role": "Export",
    "product_name": "Oil & Gas",
    "website_source": "https://www.conocophillips.com",
    "publication_date": null,
    "activity_level": null,
    "flags": null,
    "sources": [
      "web_scraper",
      "company_registry",
      "sanctions_checker"
    ],
    "ai_response": null,
    "is_red_flag": false,
    "confidence_score": null,
    "data_collected_at": "2025-11-01T01:59:00.073402",
    "data_freshness_score": "fresh",
    "last_verified_at": "2025-11-01T01:59:00.073402",
    "created_at": "2025-11-01T01:59:00.073723",
    "updated_at": "2025-11-01T01:59:00.076168"
  },
  {
    "id": 14,
    "client": "Eni",
    "client_country": "IT",
    "client_role": "Export",
    "product_name": "Oil & Gas",
    "website_source": "https://www.eni.com",
    "publication_date": null,
    "activity_level": null,
    "flags": null,
    "sources": [
      "web_scraper",
      "sanctions_checker"
    ],
    "ai_response": null,
    "is_red_flag": false,
    "confidence_score": null,
    "data_collected_at": "2025-11-01T01:58:48.067982",
    "data_freshness_score": "fresh",
    "last_verified_at": "2025-11-01T01:58:48.067982",
    "created_at": "2025-11-01T01:58:48.068364",
    "updated_at": "2025-11-01T01:58:48.070804"
  },
  {
    "id": 13,
    "client": "Chevron",
    "client_country": "US",
    "client_role": "Export",
    "product_name": "Oil & Gas",
    "website_source": null,
    "publication_date": null,
    "activity_level": null,
    "flags": null,
    "sources": [
      "company_registry",
      "sanctions_checker"
    ],
    "ai_response": null,
    "is_red_flag": false,
    "confidence_score": null,
    "data_collected_at": "2025-11-01T01:58:36.063484",
    "data_freshness_score": "fresh",
    "last_verified_at": "2025-11-01T01:58:36.063484",
    "created_at": "2025-11-01T01:58:36.064495",
    "updated_at": "2025-11-01T01:58:36.068375"
  },
  {
    "id": 12,
    "client": "TotalEnergies",
    "client_country": "FR",
    "client_role": "Export",
    "product_name": "Oil & Gas",
    "website_source": "https://www.totalenergies.com",
    "publication_date": null,
    "activity_level": null,
    "flags": null,
    "sources": [
      "web_scraper",
      "sanctions_checker"
    ],
    "ai_response": null,
    "is_red_flag": false,
    "confidence_score": null,
    "data_collected_at": "2025-11-01T01:58:24.057857",
    "data_freshness_score": "fresh",
    "last_verified_at": "2025-11-01T01:58:24.057857",
    "created_at": "2025-11-01T01:58:24.058460",
    "updated_at": "2025-11-01T01:58:24.061644"
  },
  {
    "id": 11,
    "client": "BP (British Petroleum)",
    "client_country": "GB",
    "client_role": "Export",
    "product_name": "Oil & Gas",
    "website_source": "https://www.bp.com",
    "publication_date": null,
    "activity_level": null,
    "flags": null,
    "sources": [
      "web_scraper",
      "company_registry",
      "sanctions_checker"
    ],
    "ai_response": null,
    "is_red_flag": false,
    "confidence_score": null,
    "data_collected_at": "2025-11-01T01:58:12.054623",
    "data_freshness_score": "fresh",
    "last_verified_at": "2025-11-01T01:58:12.054623",
    "created_at": "2025-11-01T01:58:12.055379",
    "updated_at": "2025-11-01T01:58:12.058739"
  },
  {
    "id": 10,
    "client": "Shell plc",
    "client_country": "GB",
    "client_role": "Export",
    "product_name": "Oil & Gas",
    "website_source": "https://www.shell.com",
    "publication_date": null,
    "activity_level": null,
    "flags": null,
    "sources": [
      "web_scraper",
      "company_registry",
      "sanctions_checker"
    ],
    "ai_response": null,
    "is_red_flag": false,
    "confidence_score": null,
    "data_collected_at": "2025-11-01T01:58:00.049405",
    "data_freshness_score": "fresh",
    "last_verified_at": "2025-11-01T01:58:00.049405",
    "created_at": "2025-11-01T01:58:00.050390",
    "updated_at": "2025-11-01T01:58:00.053430"
  },
  {
    "id": 9,
    "client": "ExxonMobil",
    "client_country": "US",
    "client_role": "Export",
    "product_name": "Oil & Gas",
    "website_source": "https://www.exxonmobil.com",
    "publication_date": null,
    "activity_level": null,
    "flags": null,
    "sources": [
      "web_scraper",
      "company_registry",
      "sanctions_checker"
    ],
    "ai_response": null,
    "is_red_flag": false,
    "confidence_score": null,
    "data_collected_at": "2025-11-01T01:57:48.044158",
    "data_freshness_score": "fresh",
    "last_verified_at": "2025-11-01T01:57:48.044158",
    "created_at": "2025-11-01T01:57:48.044865",
    "updated_at": "2025-11-01T01:57:48.049156"
  },
  {
    "id": 8,
    "client": "Koch Industries",
    "client_country": "US",
    "client_role": "Export",
    "product_name": "Energy & Chemicals",
    "website_source": "https://www.kochind.com",
    "publication_date": null,
    "activity_level": null,
    "flags": null,
    "sources": [
      "web_scraper",
      "company_registry",
      "sanctions_checker"
    ],
    "ai_response": null,
    "is_red_flag": false,
    "confidence_score": null,
    "data_collected_at": "2025-11-01T01:57:36.038546",
    "data_freshness_score": "fresh",
    "last_verified_at": "2025-11-01T01:57:36.038546",
    "created_at": "2025-11-01T01:57:36.039110",
    "updated_at": "2025-11-01T01:57:36.041932"
  },
  {
    "id": 7,
    "client": "Mercuria Energy Group",
    "client_country": "CH",
    "client_role": "Export",
    "product_name": "Energy Trading",
    "website_source": null,
    "publication_date": null,
    "activity_level": null,
    "flags": null,
    "sources": [
      "sanctions_checker"
    ],
    "ai_response": null,
    "is_red_flag": false,
    "confidence_score": null,
    "data_collected_at": "2025-11-01T01:57:24.033209",
    "data_freshness_score": "fresh",
    "last_verified_at": "2025-11-01T01:57:24.033209",
    "created_at": "2025-11-01T01:57:24.033661",
    "updated_at": "2025-11-01T01:57:24.036479"
  },
  {
    "id": 6,
    "client": "Gunvor Group",
    "client_country": "CH",
    "client_role": "Export",
    "product_name": "Energy Trading",
    "website_source": null,
    "publication_date": null,
    "activity_level": null,
    "flags": null,
    "sources": [
      "sanctions_checker"
    ],
    "ai_response": null,
    "is_red_flag": false,
    "confidence_score": null,
    "data_collected_at": "2025-11-01T01:57:12.027831",
    "data_freshness_score": "fresh",
    "last_verified_at": "2025-11-01T01:57:12.027831",
    "created_at": "2025-11-01T01:57:12.028162",
    "updated_at": "2025-11-01T01:57:12.030742"
  },
  {
    "id": 5,
    "client": "Glencore",
    "client_country": "CH",
    "client_role": "Export",
    "product_name": "Commodity Trading",
    "website_source": "https://www.glencore.com",
    "publication_date": null,
    "activity_level": null,
    "flags": null,
    "sources": [
      "web_scraper",
      "sanctions_checker"
    ],
    "ai_response": null,
    "is_red_flag": false,
    "confidence_score": null,
    "data_collected_at": "2025-11-01T01:57:00.022731",
    "data_freshness_score": "fresh",
    "last_verified_at": "2025-11-01T01:57:00.022731",
    "created_at": "2025-11-01T01:57:00.023403",
    "updated_at": "2025-11-01T01:57:00.029757"
  },
  {
    "id": 4,
    "client": "Trafigura Group",
    "client_country": "SG",
    "client_role": "Export",
    "product_name": "Commodity Trading",
    "website_source": "https://www.trafigura.com",
    "publication_date": null,
    "activity_level": null,
    "flags": null,
    "sources": [
      "web_scraper",
      "sanctions_checker"
    ],
    "ai_response": null,
    "is_red_flag": false,
    "confidence_score": null,
    "data_collected_at": "2025-11-01T01:56:48.019467",
    "data_freshness_score": "fresh",
    "last_verified_at": "2025-11-01T01:56:48.019467",
    "created_at": "2025-11-01T01:56:48.021055",
    "updated_at": "2025-11-01T01:56:48.025032"
  },
  {
    "id": 3,
    "client": "Vitol Group",
    "client_country": "NL",
    "client_role": "Export",
    "product_name": "Energy Trading",
    "website_source": "https://www.vitol.com",
    "publication_date": null,
    "activity_level": null,
    "flags": null,
    "sources": [
      "web_scraper",
      "sanctions_checker"
    ],
    "ai_response": null,
    "is_red_flag": false,
    "confidence_score": null,
    "data_collected_at": "2025-11-01T01:56:36.013689",
    "data_freshness_score": "fresh",
    "last_verified_at": "2025-11-01T01:56:36.013689",
    "created_at": "2025-11-01T01:56:36.018271",
    "updated_at": "2025-11-01T01:56:36.026132"
  },
  {
    "id": 2,
    "client": "Final Test Company",
    "client_country": "US",
    "client_role": "Import",
    "product_name": "Test Product",
    "website_source": "https://example.com",
    "publication_date": null,
    "activity_level": null,
    "flags": null,
    "sources": [
      "web_scraper",
      "sanctions_checker"
    ],
    "ai_response": null,
    "is_red_flag": false,
    "confidence_score": null,
    "data_collected_at": "2025-11-01T01:49:58.424808",
    "data_freshness_score": "fresh",
    "last_verified_at": "2025-11-01T01:49:58.424834",
    "created_at": "2025-11-01T01:49:58.419422",
    "updated_at": "2025-11-01T01:49:58.426332"
  },
  {
    "id": 1,
    "client": "Test Company",
    "client_country": "US",
    "client_role": "Export",
    "product_name": "Test Product",
    "website_source": "https://example.com",
    "publication_date": null,
    "activity_level": null,
    "flags": null,
    "sources": [
      "web_scraper"
    ],
    "ai_response": null,
    "is_red_flag": false,
    "confidence_score": null,
    "data_collected_at": null,
    "data_freshness_score": null,
    "last_verified_at": null,
    "created_at": "2025-11-01T01:49:32.166454",
    "updated_at": "2025-11-01T01:49:32.166464"
  }
]